6219bb3a-3d9d-45d7-8440-ba06da1ed74a	3cc433bc-750f-4e20-88ed-73d5f9e52c6f.rna_seq.augmented_star_gene_counts.tsv	Transcriptome Profiling	Gene Expression Quantification	TCGA-SARC	TCGA-DX-AB36	TCGA-DX-AB36-01A	Primary Tumor
3bc8f4da-ad47-41a7-8d81-607a36f1e9f4	91b12476-6108-450e-af54-d182b5b554dd.rna_seq.augmented_star_gene_counts.tsv	Transcriptome Profiling	Gene Expression Quantification	TCGA-SARC	TCGA-Z4-AAPG	TCGA-Z4-AAPG-01A	Primary Tumor
ec9d44e0-1357-47fc-8312-f90b347f2cdf	903bad96-e2c3-4339-832f-87bb2e4c5802.rna_seq.augmented_star_gene_counts.tsv	Transcriptome Profiling	Gene Expression Quantification	TCGA-SARC	TCGA-DX-A2IZ	TCGA-DX-A2IZ-01A	Primary Tumor
00b84393-53e7-4a0a-8fa1-3a641bd0c8ac	a51683df-e7cb-4c81-b0ff-d7d8ae08e113.rna_seq.augmented_star_gene_counts.tsv	Transcriptome Profiling	Gene Expression Quantification	TCGA-SARC	TCGA-X6-A8C6	TCGA-X6-A8C6-01A	Primary Tumor
66d6d209-4fc3-4f94-bee4-ec4844c39b9a	8acee882-797c-4d8d-908a-b9117890e4d6.rna_seq.augmented_star_gene_counts.tsv	Transcriptome Profiling	Gene Expression Quantification	TCGA-SARC	TCGA-HS-A5N8	TCGA-HS-A5N8-01A	Primary Tumor
e1ccd06e-2410-4d39-8964-adea7e92467a	178d64ef-e441-4280-9cff-ecc0987f2603.rna_seq.augmented_star_gene_counts.tsv	Transcriptome Profiling	Gene Expression Quantification	TCGA-SARC	TCGA-HB-A2OT	TCGA-HB-A2OT-01A	Primary Tumor
2207109b-2b58-4800-becb-0c178c976ef4	9bfa4486-3b37-4ef8-9b25-61158658e6ca.rna_seq.augmented_star_gene_counts.tsv	Transcriptome Profiling	Gene Expression Quantification	TCGA-SARC	TCGA-DX-A1KX	TCGA-DX-A1KX-01A	Primary Tumor
d7072d7d-db18-495f-8c7a-21200256ab83	b7200fba-1d9e-4337-8105-dddb9074e29b.rna_seq.augmented_star_gene_counts.tsv	Transcriptome Profiling	Gene Expression Quantification	TCGA-SARC	TCGA-WK-A8XQ	TCGA-WK-A8XQ-01A	Primary Tumor
d40c629f-0c29-4f51-9258-a16a4c12afad	6a4d63d9-8a15-473e-80f4-d11242530d96.rna_seq.augmented_star_gene_counts.tsv	Transcriptome Profiling	Gene Expression Quantification	TCGA-SARC	TCGA-DX-A6BF	TCGA-DX-A6BF-01A	Primary Tumor
2f4f360d-d36f-4744-8e74-bbfe8bb47e04	4a04654e-f230-478f-9523-c8ba4d7b6091.rna_seq.augmented_star_gene_counts.tsv	Transcriptome Profiling	Gene Expression Quantification	TCGA-SARC	TCGA-DX-A2J4	TCGA-DX-A2J4-01A	Primary Tumor
2967e155-2aac-4975-a799-263b760d44e9	a7bec419-7c8d-495d-9cb3-f810ff08c8b4.rna_seq.augmented_star_gene_counts.tsv	Transcriptome Profiling	Gene Expression Quantification	TCGA-SARC	TCGA-DX-A6YT	TCGA-DX-A6YT-01A	Primary Tumor
2a7af127-9201-4850-b8a6-0c0a41d22da4	1db3c803-8b6b-4ddf-82ef-96d538495293.rna_seq.augmented_star_gene_counts.tsv	Transcriptome Profiling	Gene Expression Quantification	TCGA-SARC	TCGA-WK-A8XO	TCGA-WK-A8XO-01A	Primary Tumor
10644317-2aaf-467f-8959-e177921dafc2	7a68d421-1310-4b1d-b5be-71751cd44f9e.rna_seq.augmented_star_gene_counts.tsv	Transcriptome Profiling	Gene Expression Quantification	TCGA-SARC	TCGA-DX-A48O	TCGA-DX-A48O-01A	Primary Tumor
71443e5c-6ba7-44cd-9c7b-610abb34a8fd	b7a5006c-90bd-4dff-b8df-338ff599862f.rna_seq.augmented_star_gene_counts.tsv	Transcriptome Profiling	Gene Expression Quantification	TCGA-SARC	TCGA-DX-A23T	TCGA-DX-A23T-01A	Primary Tumor
df576078-a659-4121-b85a-94acabc2c0f9	d159e5c3-7517-4510-a948-054f8b4a88ef.rna_seq.augmented_star_gene_counts.tsv	Transcriptome Profiling	Gene Expression Quantification	TCGA-SARC	TCGA-DX-AB35	TCGA-DX-AB35-01A	Primary Tumor
6adf8503-127f-4171-81c5-25f220ed22f3	6008ff0b-cb5b-4b7d-a438-dfa992f224a8.rna_seq.augmented_star_gene_counts.tsv	Transcriptome Profiling	Gene Expression Quantification	TCGA-SARC	TCGA-X2-A95T	TCGA-X2-A95T-01A	Primary Tumor
2b4cfe98-0901-4455-9a48-ce8519a97095	f5a5de6f-52df-419d-9ea3-27383a6b53a0.rna_seq.augmented_star_gene_counts.tsv	Transcriptome Profiling	Gene Expression Quantification	TCGA-SARC	TCGA-3B-A9HX	TCGA-3B-A9HX-01A	Primary Tumor
ef5ace19-c76b-4b0b-bbb1-825c13f93e2d	f7d7d34c-4694-4662-b7fd-be887bdc9697.rna_seq.augmented_star_gene_counts.tsv	Transcriptome Profiling	Gene Expression Quantification	TCGA-SARC	TCGA-HS-A5NA	TCGA-HS-A5NA-01A	Primary Tumor
8e7e6e0a-2bbb-47ec-8493-b839d5f0243d	b7ac9da3-7fbe-4618-a852-8d614cabd9aa.rna_seq.augmented_star_gene_counts.tsv	Transcriptome Profiling	Gene Expression Quantification	TCGA-SARC	TCGA-DX-AB2J	TCGA-DX-AB2J-01A	Primary Tumor
a04477b3-10c5-4d12-a9e2-b8e3f7acccbd	7383c625-5ca5-487a-a4df-cf025ee14d32.rna_seq.augmented_star_gene_counts.tsv	Transcriptome Profiling	Gene Expression Quantification	TCGA-SARC	TCGA-KD-A5QU	TCGA-KD-A5QU-01A	Primary Tumor
1c286281-e06f-4f5d-84ba-3c7180a0e3ba	ab2a645d-322d-46e8-9872-1ecf9ee72891.rna_seq.augmented_star_gene_counts.tsv	Transcriptome Profiling	Gene Expression Quantification	TCGA-SARC	TCGA-WK-A8XZ	TCGA-WK-A8XZ-01A	Primary Tumor
0dfd1a01-e2c4-4e01-9b1f-72c373af082a	a7eafd67-8ecd-4b4c-92c5-e308554d7d88.rna_seq.augmented_star_gene_counts.tsv	Transcriptome Profiling	Gene Expression Quantification	TCGA-SARC	TCGA-DX-A3UE	TCGA-DX-A3UE-01A	Primary Tumor
87d946eb-845c-438e-ae46-dfc43a078c55	38a95d74-a928-40b3-9856-9bef8c77b7f7.rna_seq.augmented_star_gene_counts.tsv	Transcriptome Profiling	Gene Expression Quantification	TCGA-SARC	TCGA-DX-AB2V	TCGA-DX-AB2V-01A	Primary Tumor
ef8f3d8c-a08b-40f5-96f5-ef1ee8d8be90	c3a3d352-1555-4ca3-bbb9-282830219d17.rna_seq.augmented_star_gene_counts.tsv	Transcriptome Profiling	Gene Expression Quantification	TCGA-SARC	TCGA-DX-A8BV	TCGA-DX-A8BV-01A	Primary Tumor
f378bb53-d378-4be4-bff1-5980372c5738	7f4d714a-728a-4c11-b77c-d524df0281fe.rna_seq.augmented_star_gene_counts.tsv	Transcriptome Profiling	Gene Expression Quantification	TCGA-SARC	TCGA-DX-A6B7	TCGA-DX-A6B7-01A	Primary Tumor
67fcf0d7-e1eb-4f8a-8dd8-d2e05a6b2892	959c6fc3-d893-4e2f-9867-2e58e63da4fb.rna_seq.augmented_star_gene_counts.tsv	Transcriptome Profiling	Gene Expression Quantification	TCGA-SARC	TCGA-DX-A7EQ	TCGA-DX-A7EQ-01A	Primary Tumor
19df3bfa-05da-49e0-bcaa-5d853e4511d3	910dda73-362c-43e2-b3db-1a970c316000.rna_seq.augmented_star_gene_counts.tsv	Transcriptome Profiling	Gene Expression Quantification	TCGA-SARC	TCGA-IW-A3M4	TCGA-IW-A3M4-01A	Primary Tumor
9d8e262f-ba64-4cf1-9639-1dbe2dab5780	2ce41ff1-effd-44aa-b1ce-865543e3d160.rna_seq.augmented_star_gene_counts.tsv	Transcriptome Profiling	Gene Expression Quantification	TCGA-SARC	TCGA-QQ-A5VB	TCGA-QQ-A5VB-01A	Primary Tumor
910bd331-fe82-4a3c-ac82-376d13733169	477e1ddd-9a50-4f0f-bc8e-141b0f9363a6.rna_seq.augmented_star_gene_counts.tsv	Transcriptome Profiling	Gene Expression Quantification	TCGA-SARC	TCGA-DX-A6YR	TCGA-DX-A6YR-01A	Primary Tumor
be16c777-3f5c-434c-9276-a44ba1f21790	219bfbd2-097b-481f-94f4-b45e2b5922eb.rna_seq.augmented_star_gene_counts.tsv	Transcriptome Profiling	Gene Expression Quantification	TCGA-SARC	TCGA-HB-A3YV	TCGA-HB-A3YV-01A	Primary Tumor
7f644454-bc83-40c5-b48f-bb4c37cba0e1	33450ab2-7748-4ef7-b83b-2ed3de7104d3.rna_seq.augmented_star_gene_counts.tsv	Transcriptome Profiling	Gene Expression Quantification	TCGA-SARC	TCGA-MJ-A68J	TCGA-MJ-A68J-01A	Primary Tumor
f90aaeaf-eb22-4c84-8a69-3ff9794c9503	ab324d27-f3fd-4f35-99b9-76099c8a7d0b.rna_seq.augmented_star_gene_counts.tsv	Transcriptome Profiling	Gene Expression Quantification	TCGA-SARC	TCGA-DX-A6YU	TCGA-DX-A6YU-01A	Primary Tumor
f67a8591-712d-42d9-88cc-66def7f42b55	4c4bf17d-7fc4-4c97-aa93-bd076d311d66.rna_seq.augmented_star_gene_counts.tsv	Transcriptome Profiling	Gene Expression Quantification	TCGA-SARC	TCGA-FX-A48G	TCGA-FX-A48G-01A	Primary Tumor
55685e8d-35d0-4def-83fb-4bb515b5e523	98404a70-14a1-4d8f-a4cb-d5a9d2fedb02.rna_seq.augmented_star_gene_counts.tsv	Transcriptome Profiling	Gene Expression Quantification	TCGA-SARC	TCGA-FX-A3TO	TCGA-FX-A3TO-01A	Primary Tumor
f23bb0d2-6d98-4554-b0a6-e842329b522c	aad84d92-e1da-4de9-a35c-1c99585341b6.rna_seq.augmented_star_gene_counts.tsv	Transcriptome Profiling	Gene Expression Quantification	TCGA-SARC	TCGA-MJ-A850	TCGA-MJ-A850-01A	Primary Tumor
48904207-8fc0-4944-88de-2e4093d57818	f9585e77-53fd-4136-8370-684d5f67603e.rna_seq.augmented_star_gene_counts.tsv	Transcriptome Profiling	Gene Expression Quantification	TCGA-SARC	TCGA-DX-A3U9	TCGA-DX-A3U9-01A	Primary Tumor
f25cb258-1379-4777-a9ed-e2f1a3604dee	49285c67-b67a-4dd0-9d61-406b204e749d.rna_seq.augmented_star_gene_counts.tsv	Transcriptome Profiling	Gene Expression Quantification	TCGA-SARC	TCGA-DX-A6Z2	TCGA-DX-A6Z2-01A	Primary Tumor
4031c38c-ab3a-4fb6-bfab-685ebd1fe44e	3111638f-e826-40aa-8f07-484ba9bf9998.rna_seq.augmented_star_gene_counts.tsv	Transcriptome Profiling	Gene Expression Quantification	TCGA-SARC	TCGA-X6-A7WC	TCGA-X6-A7WC-01A	Primary Tumor
6e274483-b379-4289-9eb4-58a57c34be70	6c551199-3c5b-4365-8510-46710e960819.rna_seq.augmented_star_gene_counts.tsv	Transcriptome Profiling	Gene Expression Quantification	TCGA-SARC	TCGA-UE-A6QU	TCGA-UE-A6QU-01A	Primary Tumor
89b91806-b172-4330-82ff-a096023ce107	380689c7-524b-4d73-80a9-3f07e8459ac1.rna_seq.augmented_star_gene_counts.tsv	Transcriptome Profiling	Gene Expression Quantification	TCGA-SARC	TCGA-DX-AB37	TCGA-DX-AB37-01A	Primary Tumor
35d38b36-b84d-4718-a185-019d11a4926e	b7ebf1e6-862c-419b-8cdc-33ddb5814c91.rna_seq.augmented_star_gene_counts.tsv	Transcriptome Profiling	Gene Expression Quantification	TCGA-SARC	TCGA-SG-A6Z4	TCGA-SG-A6Z4-01A	Primary Tumor
9d836b20-4931-4fee-ab85-121001eed23d	e1acdc3b-522d-48b1-985f-3ab7292bbe4e.rna_seq.augmented_star_gene_counts.tsv	Transcriptome Profiling	Gene Expression Quantification	TCGA-SARC	TCGA-DX-A23V	TCGA-DX-A23V-01A	Primary Tumor
86cb8b85-c106-468a-a902-66ad78d899eb	bf09de24-29df-49ce-8fb2-d583b1ade20f.rna_seq.augmented_star_gene_counts.tsv	Transcriptome Profiling	Gene Expression Quantification	TCGA-SARC	TCGA-DX-A2J1	TCGA-DX-A2J1-01A	Primary Tumor
b1655ffe-dbfc-4921-b3ce-b35d6ebb3fcb	bc261dd7-70bd-45dc-b979-d631363ea498.rna_seq.augmented_star_gene_counts.tsv	Transcriptome Profiling	Gene Expression Quantification	TCGA-SARC	TCGA-K1-A6RT	TCGA-K1-A6RT-01A	Primary Tumor
554b00ea-40b6-4e67-8a16-54e2afd90f13	cd71a1ed-c28e-4832-a173-4ae907b8a240.rna_seq.augmented_star_gene_counts.tsv	Transcriptome Profiling	Gene Expression Quantification	TCGA-SARC	TCGA-IE-A3OV	TCGA-IE-A3OV-01A	Primary Tumor
8ae2f8df-24a3-4391-a500-1940c67e1d08	f7fe6797-9e1a-4b0d-a7bd-e18c28383850.rna_seq.augmented_star_gene_counts.tsv	Transcriptome Profiling	Gene Expression Quantification	TCGA-SARC	TCGA-SI-A71P	TCGA-SI-A71P-01A	Primary Tumor
142bc2b0-8b47-4ff9-a338-d2015ef90c33	3d174fee-a4f6-4d8e-8bc8-0f87c38d6893.rna_seq.augmented_star_gene_counts.tsv	Transcriptome Profiling	Gene Expression Quantification	TCGA-SARC	TCGA-IS-A3KA	TCGA-IS-A3KA-01A	Primary Tumor
4e4f85fa-28f9-4405-b5c5-dbadcc95e437	bc81e175-7bc8-4f39-b9bc-92f8237c77ad.rna_seq.augmented_star_gene_counts.tsv	Transcriptome Profiling	Gene Expression Quantification	TCGA-SARC	TCGA-K1-A3PO	TCGA-K1-A3PO-01A	Primary Tumor
866faf24-daa7-48f9-9c4d-a0e2011b1e3c	bd93c721-5b29-4ff8-97e1-4032c626970d.rna_seq.augmented_star_gene_counts.tsv	Transcriptome Profiling	Gene Expression Quantification	TCGA-SARC	TCGA-K1-A3PO	TCGA-K1-A3PO-11A	Solid Tissue Normal
061c2d28-de75-47d6-a356-c56bf128cd83	71ecb38f-c270-4b64-a13f-dac55838844f.rna_seq.augmented_star_gene_counts.tsv	Transcriptome Profiling	Gene Expression Quantification	TCGA-SARC	TCGA-DX-AB2L	TCGA-DX-AB2L-01A	Primary Tumor
4e7b9f9a-fd6d-4260-b94f-5de438a0742c	35af0e07-3397-4843-9a78-23b33535b8a3.rna_seq.augmented_star_gene_counts.tsv	Transcriptome Profiling	Gene Expression Quantification	TCGA-SARC	TCGA-SG-A6Z7	TCGA-SG-A6Z7-01A	Primary Tumor
44c95a23-f832-40f2-9743-01f6a2612e5c	fc746489-3cdd-440a-be5d-34a8ad85f474.rna_seq.augmented_star_gene_counts.tsv	Transcriptome Profiling	Gene Expression Quantification	TCGA-SARC	TCGA-HS-A5N7	TCGA-HS-A5N7-01A	Primary Tumor
1d27ffc8-c857-44fe-be5d-ebc73095912f	98fc3c8c-ec11-4b78-89d0-dfcd5f9093b3.rna_seq.augmented_star_gene_counts.tsv	Transcriptome Profiling	Gene Expression Quantification	TCGA-SARC	TCGA-FX-A2QS	TCGA-FX-A2QS-11A	Solid Tissue Normal
58d057d9-2c76-49e7-825b-93f273b5f920	eac71dee-8ad1-43d1-9207-fc1060c67ff4.rna_seq.augmented_star_gene_counts.tsv	Transcriptome Profiling	Gene Expression Quantification	TCGA-SARC	TCGA-FX-A2QS	TCGA-FX-A2QS-01A	Primary Tumor
00efbb37-cb7e-4411-b857-eee5a36a3cce	8e3ba195-d539-4876-a300-4f5855b145c6.rna_seq.augmented_star_gene_counts.tsv	Transcriptome Profiling	Gene Expression Quantification	TCGA-SARC	TCGA-HS-A5N9	TCGA-HS-A5N9-01A	Primary Tumor
d538daee-8250-4469-be27-22f42148f502	9f9a0df0-55d0-4156-a8f3-887aa35bec2f.rna_seq.augmented_star_gene_counts.tsv	Transcriptome Profiling	Gene Expression Quantification	TCGA-SARC	TCGA-3B-A9HY	TCGA-3B-A9HY-01A	Primary Tumor
d8dba5b3-e988-4b4c-8b21-86b56d523673	a9ca32c0-ef12-4916-b83a-ba64c80f2ba6.rna_seq.augmented_star_gene_counts.tsv	Transcriptome Profiling	Gene Expression Quantification	TCGA-SARC	TCGA-DX-A7EI	TCGA-DX-A7EI-01A	Primary Tumor
970565bc-15e4-43d9-bbec-f2e36c0bbfa0	e7ed5392-da94-468a-8565-917189e12f2e.rna_seq.augmented_star_gene_counts.tsv	Transcriptome Profiling	Gene Expression Quantification	TCGA-SARC	TCGA-DX-A3LW	TCGA-DX-A3LW-01A	Primary Tumor
ee2bf8dd-2548-4b61-818c-976de7c3de6f	241021f0-a762-452e-bd15-4550d98ae93e.rna_seq.augmented_star_gene_counts.tsv	Transcriptome Profiling	Gene Expression Quantification	TCGA-SARC	TCGA-DX-AB2W	TCGA-DX-AB2W-01A	Primary Tumor
a93bec2d-9e64-46ee-a57a-2e53c36298a8	a8c98035-15f9-4ca8-9fd1-6918c978fb76.rna_seq.augmented_star_gene_counts.tsv	Transcriptome Profiling	Gene Expression Quantification	TCGA-SARC	TCGA-MB-A5YA	TCGA-MB-A5YA-01A	Primary Tumor
0fea0a5d-3188-4d75-b777-3e01f70206e9	6090ecaa-6910-4740-8582-c6438581097c.rna_seq.augmented_star_gene_counts.tsv	Transcriptome Profiling	Gene Expression Quantification	TCGA-SARC	TCGA-DX-A48K	TCGA-DX-A48K-01A	Primary Tumor
c068dfe1-f24a-4fec-b4ff-d5870d47293d	50c3598b-ad7c-403c-bf29-24bffb83651f.rna_seq.augmented_star_gene_counts.tsv	Transcriptome Profiling	Gene Expression Quantification	TCGA-SARC	TCGA-QC-A7B5	TCGA-QC-A7B5-01A	Primary Tumor
5686cbac-5829-4b9d-8edc-fddbfe85358d	0cc696ce-2d72-437a-80ba-7be1b7aba09c.rna_seq.augmented_star_gene_counts.tsv	Transcriptome Profiling	Gene Expression Quantification	TCGA-SARC	TCGA-DX-A1KZ	TCGA-DX-A1KZ-01A	Primary Tumor
f27e497e-6c5d-4ab1-b26f-ff4e2603ad27	9e6d451d-7e9f-4a3f-87aa-7e9259c8ba56.rna_seq.augmented_star_gene_counts.tsv	Transcriptome Profiling	Gene Expression Quantification	TCGA-SARC	TCGA-DX-A2J0	TCGA-DX-A2J0-01A	Primary Tumor
c4f8bc07-818f-44b3-80c6-b2262df80f44	29ae98e2-a686-4de5-946c-b0f0f839cd5e.rna_seq.augmented_star_gene_counts.tsv	Transcriptome Profiling	Gene Expression Quantification	TCGA-SARC	TCGA-DX-A8BS	TCGA-DX-A8BS-01A	Primary Tumor
f189fc1e-00de-447f-b3b0-b4bb0d094750	23d26c7a-d497-47c7-a5b2-2fa14d037243.rna_seq.augmented_star_gene_counts.tsv	Transcriptome Profiling	Gene Expression Quantification	TCGA-SARC	TCGA-K1-A6RU	TCGA-K1-A6RU-01A	Primary Tumor
654928c5-1cdc-41a2-a3dc-915f846fb2c3	5d22a34b-7ee2-4d75-baf5-09ec2d99c5a9.rna_seq.augmented_star_gene_counts.tsv	Transcriptome Profiling	Gene Expression Quantification	TCGA-SARC	TCGA-FX-A8OO	TCGA-FX-A8OO-01A	Primary Tumor
8e66e382-0962-4881-8bee-52ac26209798	95807a50-5164-4675-bc16-8adf1d07fc8c.rna_seq.augmented_star_gene_counts.tsv	Transcriptome Profiling	Gene Expression Quantification	TCGA-SARC	TCGA-DX-A8BG	TCGA-DX-A8BG-01A	Primary Tumor
6ad04852-cf8d-47c1-841a-bd520d48dd32	9072ce75-a6e8-424c-9633-68880fb5d441.rna_seq.augmented_star_gene_counts.tsv	Transcriptome Profiling	Gene Expression Quantification	TCGA-SARC	TCGA-DX-A23Y	TCGA-DX-A23Y-01A	Primary Tumor
841bc733-99d8-4670-b202-4873c8522401	0c548b67-ee0e-415b-9abe-3adfa907aa5b.rna_seq.augmented_star_gene_counts.tsv	Transcriptome Profiling	Gene Expression Quantification	TCGA-SARC	TCGA-IE-A4EH	TCGA-IE-A4EH-01A	Primary Tumor
c3d3d5e9-8ece-4274-a540-d9ea47bd32d8	b46cefa9-8c2b-401b-845b-d58101807cbd.rna_seq.augmented_star_gene_counts.tsv	Transcriptome Profiling	Gene Expression Quantification	TCGA-SARC	TCGA-3B-A9HZ	TCGA-3B-A9HZ-01A	Primary Tumor
73e7ee7c-cc77-4899-a7a8-425e8522b86d	30cbb48b-d8c4-4846-b4d2-c3f5764a12fa.rna_seq.augmented_star_gene_counts.tsv	Transcriptome Profiling	Gene Expression Quantification	TCGA-SARC	TCGA-X6-A8C5	TCGA-X6-A8C5-01A	Primary Tumor
8e8e9c7e-e381-4db0-a348-b6da10076924	7814e43b-53ac-4485-bbda-a00b8cdb7734.rna_seq.augmented_star_gene_counts.tsv	Transcriptome Profiling	Gene Expression Quantification	TCGA-SARC	TCGA-DX-AB2G	TCGA-DX-AB2G-01A	Primary Tumor
6e2d183b-da8e-435a-93b4-cbce5d5b22cb	48b1935e-751d-45b1-a3a7-721716c44066.rna_seq.augmented_star_gene_counts.tsv	Transcriptome Profiling	Gene Expression Quantification	TCGA-SARC	TCGA-3B-A9HI	TCGA-3B-A9HI-01A	Primary Tumor
541bf788-72bd-420d-807b-07b38f1940ae	d7a15e3e-e8fc-4798-8bb8-e48f32ec7f68.rna_seq.augmented_star_gene_counts.tsv	Transcriptome Profiling	Gene Expression Quantification	TCGA-SARC	TCGA-DX-A3LY	TCGA-DX-A3LY-01B	Primary Tumor
928ce6e6-527a-4293-9062-e736a257b258	0a3dc0f5-18b9-4641-a7f9-e42e33bf2a14.rna_seq.augmented_star_gene_counts.tsv	Transcriptome Profiling	Gene Expression Quantification	TCGA-SARC	TCGA-DX-A240	TCGA-DX-A240-01A	Primary Tumor
088a556a-d374-4829-a562-f33ddb5999f0	12ffecbe-d932-4f6e-a903-8bb6b021cf54.rna_seq.augmented_star_gene_counts.tsv	Transcriptome Profiling	Gene Expression Quantification	TCGA-SARC	TCGA-DX-A6BH	TCGA-DX-A6BH-01A	Primary Tumor
a81e6d6d-2d31-452e-b045-3006d065a4cf	fd7280bf-b8d7-436a-a5f7-e3ae29d0e4a1.rna_seq.augmented_star_gene_counts.tsv	Transcriptome Profiling	Gene Expression Quantification	TCGA-SARC	TCGA-X6-A8C3	TCGA-X6-A8C3-01A	Primary Tumor
88436e6d-ba99-484a-9ee4-ec7b771cb0ad	8ecde29f-4330-44be-a062-7e8be94a037c.rna_seq.augmented_star_gene_counts.tsv	Transcriptome Profiling	Gene Expression Quantification	TCGA-SARC	TCGA-DX-A3LS	TCGA-DX-A3LS-01A	Primary Tumor
137f1a3e-ae88-4a4d-91b7-2130e6669942	a4317c1e-b564-46ab-8a90-d45cbd77a2d3.rna_seq.augmented_star_gene_counts.tsv	Transcriptome Profiling	Gene Expression Quantification	TCGA-SARC	TCGA-DX-A8BX	TCGA-DX-A8BX-01A	Primary Tumor
5bf4c36c-9a98-458c-8417-8f7b4dc70b81	bd6ba2eb-198d-452f-9cb2-b8b79ff09275.rna_seq.augmented_star_gene_counts.tsv	Transcriptome Profiling	Gene Expression Quantification	TCGA-SARC	TCGA-DX-A23Z	TCGA-DX-A23Z-01A	Primary Tumor
b7c79f46-8070-42a6-a2fa-ea950e41f118	f860b98e-e4cf-45d5-848e-a74ab81bd19a.rna_seq.augmented_star_gene_counts.tsv	Transcriptome Profiling	Gene Expression Quantification	TCGA-SARC	TCGA-FX-A76Y	TCGA-FX-A76Y-01A	Primary Tumor
03ae7a6a-a7fe-4dc1-9320-21450b15b449	2d63e353-f97d-43dc-b07c-705b583a06a5.rna_seq.augmented_star_gene_counts.tsv	Transcriptome Profiling	Gene Expression Quantification	TCGA-SARC	TCGA-DX-A6BB	TCGA-DX-A6BB-01A	Primary Tumor
b9b76084-4105-41dc-ba9e-ba564581cac5	d1a8858e-45aa-4af5-a864-47d7a8771502.rna_seq.augmented_star_gene_counts.tsv	Transcriptome Profiling	Gene Expression Quantification	TCGA-SARC	TCGA-IW-A3M6	TCGA-IW-A3M6-01A	Primary Tumor
3c6ef8eb-23f0-4b6e-af20-4be11b8612dd	f4f0b310-a2bf-4b83-bde9-e4883a55047a.rna_seq.augmented_star_gene_counts.tsv	Transcriptome Profiling	Gene Expression Quantification	TCGA-SARC	TCGA-DX-A7EN	TCGA-DX-A7EN-01A	Primary Tumor
7ebb5118-9e0f-41a9-b3d7-ab969048626a	658b63fd-0a0d-448b-9ff1-5013b0d61ef8.rna_seq.augmented_star_gene_counts.tsv	Transcriptome Profiling	Gene Expression Quantification	TCGA-SARC	TCGA-LI-A67I	TCGA-LI-A67I-01A	Primary Tumor
ee8cacd0-488c-49da-9f08-a347a040b337	3677339e-598f-494c-8ca6-3c0341570dec.rna_seq.augmented_star_gene_counts.tsv	Transcriptome Profiling	Gene Expression Quantification	TCGA-SARC	TCGA-WK-A8XT	TCGA-WK-A8XT-01A	Primary Tumor
0b0a3a92-c190-40ac-a8db-e01b2795f594	cbe51411-2d2f-4126-8630-98fc391e250a.rna_seq.augmented_star_gene_counts.tsv	Transcriptome Profiling	Gene Expression Quantification	TCGA-SARC	TCGA-DX-A7ET	TCGA-DX-A7ET-01A	Primary Tumor
5a89740b-41ed-4813-843e-d912e85e653b	46ee6c04-443e-495b-b9d7-ea8f3c50b594.rna_seq.augmented_star_gene_counts.tsv	Transcriptome Profiling	Gene Expression Quantification	TCGA-SARC	TCGA-DX-A8BN	TCGA-DX-A8BN-01A	Primary Tumor
7a863300-a002-40e9-a928-8fc7bb15142a	33c4c223-a5af-410d-a873-59326313c5ee.rna_seq.augmented_star_gene_counts.tsv	Transcriptome Profiling	Gene Expression Quantification	TCGA-SARC	TCGA-3B-A9HV	TCGA-3B-A9HV-01A	Primary Tumor
1b7ba903-dba4-4fee-bc68-e292203f8504	ecbf1dc8-8bf2-4d25-90e8-564f442c98d7.rna_seq.augmented_star_gene_counts.tsv	Transcriptome Profiling	Gene Expression Quantification	TCGA-SARC	TCGA-DX-A8BU	TCGA-DX-A8BU-01A	Primary Tumor
a648b589-64f3-4e03-8a74-c81ca1e7bef0	fe997dfc-082b-44ca-8fa5-59ac4f5682c9.rna_seq.augmented_star_gene_counts.tsv	Transcriptome Profiling	Gene Expression Quantification	TCGA-SARC	TCGA-MB-A5Y8	TCGA-MB-A5Y8-01A	Primary Tumor
a14a2057-efb9-43a0-843a-86814d7cb13b	7388a63c-9696-4630-af15-e01513340a70.rna_seq.augmented_star_gene_counts.tsv	Transcriptome Profiling	Gene Expression Quantification	TCGA-SARC	TCGA-3B-A9HT	TCGA-3B-A9HT-01A	Primary Tumor
9c6e4b4b-8da7-4e48-badf-ef1667dd58bc	33f7c52f-9c7a-4b5e-a864-d3c65eb1a8cb.rna_seq.augmented_star_gene_counts.tsv	Transcriptome Profiling	Gene Expression Quantification	TCGA-SARC	TCGA-QQ-A8VB	TCGA-QQ-A8VB-01A	Primary Tumor
b41d8f38-523f-47a3-8c05-6b7831cc8baa	e5e00619-a18a-4039-be25-74e8e6ca7420.rna_seq.augmented_star_gene_counts.tsv	Transcriptome Profiling	Gene Expression Quantification	TCGA-SARC	TCGA-QQ-A8VF	TCGA-QQ-A8VF-01A	Primary Tumor
482b6bec-0283-4401-9d59-0ce352ede380	fb0cd443-5e32-4933-b8d0-27985f883f6e.rna_seq.augmented_star_gene_counts.tsv	Transcriptome Profiling	Gene Expression Quantification	TCGA-SARC	TCGA-VT-AB3D	TCGA-VT-AB3D-01A	Primary Tumor
6cd4dbb2-c895-4261-ab4d-cf0ae776ff08	461f68d4-e3c0-474f-9487-11d7d22d5619.rna_seq.augmented_star_gene_counts.tsv	Transcriptome Profiling	Gene Expression Quantification	TCGA-SARC	TCGA-DX-A6BA	TCGA-DX-A6BA-01A	Primary Tumor
05351b07-042c-43bc-a820-d175e8b67d56	5d9faee2-c374-4734-a104-239f0578890c.rna_seq.augmented_star_gene_counts.tsv	Transcriptome Profiling	Gene Expression Quantification	TCGA-SARC	TCGA-IF-A4AJ	TCGA-IF-A4AJ-01A	Primary Tumor
28a94201-7886-4c91-9665-244fc483caa4	37ca9503-d056-40b8-9725-2a613bb74d8e.rna_seq.augmented_star_gene_counts.tsv	Transcriptome Profiling	Gene Expression Quantification	TCGA-SARC	TCGA-DX-A8BZ	TCGA-DX-A8BZ-01A	Primary Tumor
6ff7304b-6298-401d-8a21-2d1a9e2fc9ab	38b72b2d-01ba-4ef3-82e2-f80b3265f6ad.rna_seq.augmented_star_gene_counts.tsv	Transcriptome Profiling	Gene Expression Quantification	TCGA-SARC	TCGA-DX-A8BH	TCGA-DX-A8BH-01A	Primary Tumor
11c6f1af-8d4f-4034-beea-3f1625577bf8	fa9b149c-b8a4-49e4-94b3-61ecc6e9d1dd.rna_seq.augmented_star_gene_counts.tsv	Transcriptome Profiling	Gene Expression Quantification	TCGA-SARC	TCGA-IE-A4EJ	TCGA-IE-A4EJ-01A	Primary Tumor
d56e045f-f7b8-4df2-a648-89dfffe43b1f	7e083096-3209-4f5b-a8df-6b6c7cadd2f4.rna_seq.augmented_star_gene_counts.tsv	Transcriptome Profiling	Gene Expression Quantification	TCGA-SARC	TCGA-Z4-A9VC	TCGA-Z4-A9VC-01A	Primary Tumor
51ef1dd4-d805-4280-8416-1122a2d5eac9	e62ec8a4-c371-47ec-8194-4932ffdba6d4.rna_seq.augmented_star_gene_counts.tsv	Transcriptome Profiling	Gene Expression Quantification	TCGA-SARC	TCGA-HB-A3L4	TCGA-HB-A3L4-01A	Primary Tumor
f8b0316d-7047-4411-baf7-ecfc73978377	c31695af-4600-4eeb-8c68-efc98ec19e8f.rna_seq.augmented_star_gene_counts.tsv	Transcriptome Profiling	Gene Expression Quantification	TCGA-SARC	TCGA-DX-AATS	TCGA-DX-AATS-01A	Primary Tumor
c0e89f6b-5537-421d-811c-36f687c5cd28	7ff6a506-88a9-4db0-981d-44ceb0b924d4.rna_seq.augmented_star_gene_counts.tsv	Transcriptome Profiling	Gene Expression Quantification	TCGA-SARC	TCGA-SI-AA8B	TCGA-SI-AA8B-01A	Primary Tumor
4b2f72b3-b551-479b-8258-5ebdd4a75abb	b56ae9d5-a61f-45dc-831b-bd0d40d83a86.rna_seq.augmented_star_gene_counts.tsv	Transcriptome Profiling	Gene Expression Quantification	TCGA-SARC	TCGA-VT-A80J	TCGA-VT-A80J-02A	Recurrent Tumor
c1345172-5bfe-4813-9341-b3e98977c996	a34df46e-6718-478c-8612-be37a5791f7c.rna_seq.augmented_star_gene_counts.tsv	Transcriptome Profiling	Gene Expression Quantification	TCGA-SARC	TCGA-VT-A80J	TCGA-VT-A80J-01A	Primary Tumor
32e947e8-24cc-4286-a956-5aabc917ddb5	fcec5c6d-e5d3-45a9-b99e-bbbaea39b8c3.rna_seq.augmented_star_gene_counts.tsv	Transcriptome Profiling	Gene Expression Quantification	TCGA-SARC	TCGA-DX-A8BR	TCGA-DX-A8BR-01A	Primary Tumor
0654a78f-c19c-49e4-8477-c6bd3ba94055	2e2c77d1-cd34-473a-b3ed-b326a57e7b75.rna_seq.augmented_star_gene_counts.tsv	Transcriptome Profiling	Gene Expression Quantification	TCGA-SARC	TCGA-DX-A1L1	TCGA-DX-A1L1-01A	Primary Tumor
5c522371-b9d1-4a5f-bb03-63eb5ea1df7b	e7b47251-c649-4779-a881-83bf048b52ee.rna_seq.augmented_star_gene_counts.tsv	Transcriptome Profiling	Gene Expression Quantification	TCGA-SARC	TCGA-DX-A6YZ	TCGA-DX-A6YZ-01A	Primary Tumor
5880c702-620c-4062-aca7-f3a9f6b82e2f	46d6b77c-0796-46f1-9c2d-f67f2a343e22.rna_seq.augmented_star_gene_counts.tsv	Transcriptome Profiling	Gene Expression Quantification	TCGA-SARC	TCGA-IE-A4EK	TCGA-IE-A4EK-01A	Primary Tumor
87c0c99f-1eb5-4d35-8aad-1011f7573c2c	545a36e1-8c4b-4f51-a27b-c48456f2eb4c.rna_seq.augmented_star_gene_counts.tsv	Transcriptome Profiling	Gene Expression Quantification	TCGA-SARC	TCGA-QQ-A8VH	TCGA-QQ-A8VH-01A	Primary Tumor
86828277-ecdc-46e5-a7da-aebdfdd9eb98	ee8b78b2-a0bd-42cb-a516-96eb5599e95f.rna_seq.augmented_star_gene_counts.tsv	Transcriptome Profiling	Gene Expression Quantification	TCGA-SARC	TCGA-IS-A3K7	TCGA-IS-A3K7-01A	Primary Tumor
76e42a4f-6a41-46b6-b803-f12cda6cf84c	d776b2ab-5750-439e-a6f0-8e5b945438c3.rna_seq.augmented_star_gene_counts.tsv	Transcriptome Profiling	Gene Expression Quantification	TCGA-SARC	TCGA-DX-A3UF	TCGA-DX-A3UF-01A	Primary Tumor
59d0c4f3-b347-46cb-ae67-226397cb2968	d477e42e-b641-496e-8353-d5091df09c1e.rna_seq.augmented_star_gene_counts.tsv	Transcriptome Profiling	Gene Expression Quantification	TCGA-SARC	TCGA-PT-A8TR	TCGA-PT-A8TR-01A	Primary Tumor
e78ccfc3-1c22-4330-9f59-9ec77cdc2436	ab72317d-9a17-4e0b-8c82-b970f6c98fa3.rna_seq.augmented_star_gene_counts.tsv	Transcriptome Profiling	Gene Expression Quantification	TCGA-SARC	TCGA-DX-A6YQ	TCGA-DX-A6YQ-01A	Primary Tumor
ecbaf600-c51a-4410-b25f-194796bfd6be	31532935-f170-4aff-841d-7922f5752ee6.rna_seq.augmented_star_gene_counts.tsv	Transcriptome Profiling	Gene Expression Quantification	TCGA-SARC	TCGA-DX-AB2H	TCGA-DX-AB2H-01A	Primary Tumor
a3475b91-0d8f-4057-bf62-755743ae712a	43e645e3-3d6a-42c4-ab0e-eaa930fb332c.rna_seq.augmented_star_gene_counts.tsv	Transcriptome Profiling	Gene Expression Quantification	TCGA-SARC	TCGA-DX-A3U6	TCGA-DX-A3U6-01A	Primary Tumor
d75cfbc1-35f9-46a5-ab7e-30ddbe026938	c0c6f9a6-ee2f-4d04-9021-8fbfbc94503f.rna_seq.augmented_star_gene_counts.tsv	Transcriptome Profiling	Gene Expression Quantification	TCGA-SARC	TCGA-DX-A48J	TCGA-DX-A48J-01A	Primary Tumor
5e50a0d7-a42f-42de-834a-cac172f61e86	63f35347-535a-42ad-9415-90dc6b09d977.rna_seq.augmented_star_gene_counts.tsv	Transcriptome Profiling	Gene Expression Quantification	TCGA-SARC	TCGA-QQ-A5VA	TCGA-QQ-A5VA-01A	Primary Tumor
5c037de7-faf0-4bef-a457-1de94bf68a30	e70b6da9-d0d7-4dfa-8956-508d8293b4ad.rna_seq.augmented_star_gene_counts.tsv	Transcriptome Profiling	Gene Expression Quantification	TCGA-SARC	TCGA-DX-A6YV	TCGA-DX-A6YV-01A	Primary Tumor
1dfaa9f9-bd38-4df7-a761-0a4a45f05239	aef45e03-b0a9-43ed-9d89-1bcec96ada5a.rna_seq.augmented_star_gene_counts.tsv	Transcriptome Profiling	Gene Expression Quantification	TCGA-SARC	TCGA-DX-A7EO	TCGA-DX-A7EO-01A	Primary Tumor
dda0c2a2-9220-42d1-9dc5-c7c8d92962df	0d005c0b-3d68-43d2-ad8d-beb9f1328b37.rna_seq.augmented_star_gene_counts.tsv	Transcriptome Profiling	Gene Expression Quantification	TCGA-SARC	TCGA-QQ-A8VD	TCGA-QQ-A8VD-01A	Primary Tumor
d061f298-c952-440a-b6a4-0d9aa118e000	2c0edbe3-1432-4a83-8906-ebea48790d7f.rna_seq.augmented_star_gene_counts.tsv	Transcriptome Profiling	Gene Expression Quantification	TCGA-SARC	TCGA-DX-A1L2	TCGA-DX-A1L2-01A	Primary Tumor
82d3b1c2-8ae5-405a-bdc4-d76663348ab4	2eff70d4-ab32-47c4-b5b0-8941e5b5a598.rna_seq.augmented_star_gene_counts.tsv	Transcriptome Profiling	Gene Expression Quantification	TCGA-SARC	TCGA-DX-A8BP	TCGA-DX-A8BP-01A	Primary Tumor
337f6691-3732-406e-bd6b-ff251116d9a2	62eaa0d0-5dfe-4e74-814e-d43a4ebef19a.rna_seq.augmented_star_gene_counts.tsv	Transcriptome Profiling	Gene Expression Quantification	TCGA-SARC	TCGA-DX-A3UD	TCGA-DX-A3UD-01A	Primary Tumor
f9f17014-cb4f-41e2-abb8-11a1582448c3	13e89811-619e-4bc8-91b7-c4d41dc26c48.rna_seq.augmented_star_gene_counts.tsv	Transcriptome Profiling	Gene Expression Quantification	TCGA-SARC	TCGA-DX-A8BK	TCGA-DX-A8BK-01A	Primary Tumor
2f0f354b-26af-4566-85b8-c8b6102e4999	ffb03af9-5abb-46d5-820b-1e90fe1c06ad.rna_seq.augmented_star_gene_counts.tsv	Transcriptome Profiling	Gene Expression Quantification	TCGA-SARC	TCGA-VT-A80G	TCGA-VT-A80G-01A	Primary Tumor
eafbd7c8-4291-4109-96c1-7ff489e70b19	07a8cc94-707a-453f-a34d-97cbb79e6523.rna_seq.augmented_star_gene_counts.tsv	Transcriptome Profiling	Gene Expression Quantification	TCGA-SARC	TCGA-UE-A6QT	TCGA-UE-A6QT-01A	Primary Tumor
cd9ef297-1e9b-49a8-8c18-73c41d52b2a6	d6d922a1-f6ae-4190-be36-0ac1e03f85fa.rna_seq.augmented_star_gene_counts.tsv	Transcriptome Profiling	Gene Expression Quantification	TCGA-SARC	TCGA-N1-A6IA	TCGA-N1-A6IA-01A	Primary Tumor
efd46276-8283-46a0-8da8-6580bbd96b51	09215f3e-278e-431d-be9d-f3c6d56aca0e.rna_seq.augmented_star_gene_counts.tsv	Transcriptome Profiling	Gene Expression Quantification	TCGA-SARC	TCGA-DX-A3M2	TCGA-DX-A3M2-01A	Primary Tumor
051e2f12-683a-43b1-983f-ffbdc87fd847	0a72d33c-2513-4472-810f-d3c56f34101e.rna_seq.augmented_star_gene_counts.tsv	Transcriptome Profiling	Gene Expression Quantification	TCGA-SARC	TCGA-X6-A8C2	TCGA-X6-A8C2-01A	Primary Tumor
e38618a9-0d3a-4668-a290-46af4960a329	4d95d113-14eb-45f3-9a97-3c6c301fe2a2.rna_seq.augmented_star_gene_counts.tsv	Transcriptome Profiling	Gene Expression Quantification	TCGA-SARC	TCGA-X9-A973	TCGA-X9-A973-01A	Primary Tumor
a83d0e4e-ac44-403e-ba4f-931997ef57cc	e265b64c-39c9-41e7-a5fc-08cf0bf3fae7.rna_seq.augmented_star_gene_counts.tsv	Transcriptome Profiling	Gene Expression Quantification	TCGA-SARC	TCGA-LI-A9QH	TCGA-LI-A9QH-01A	Primary Tumor
06357208-e81a-4b2a-a1e5-0abe866ffc27	cb0e559c-12ee-4328-9e55-e4e1f8448956.rna_seq.augmented_star_gene_counts.tsv	Transcriptome Profiling	Gene Expression Quantification	TCGA-SARC	TCGA-QQ-A5V9	TCGA-QQ-A5V9-01A	Primary Tumor
9dbb401b-b292-4b40-b707-78fd802679ba	14ca95e3-ac3e-4bb4-b304-cd43f109553f.rna_seq.augmented_star_gene_counts.tsv	Transcriptome Profiling	Gene Expression Quantification	TCGA-SARC	TCGA-DX-AB3C	TCGA-DX-AB3C-01A	Primary Tumor
b0e0b8a9-baf4-4fca-8445-11084ea438ef	10956a5c-ff2c-4c4b-9fcc-a634668f7988.rna_seq.augmented_star_gene_counts.tsv	Transcriptome Profiling	Gene Expression Quantification	TCGA-SARC	TCGA-DX-A1L3	TCGA-DX-A1L3-01A	Primary Tumor
16c6fce7-5cd3-4635-9699-9be8dacbb21a	db2e38f2-f8fd-4149-abc1-ca8a5a1f44ba.rna_seq.augmented_star_gene_counts.tsv	Transcriptome Profiling	Gene Expression Quantification	TCGA-SARC	TCGA-DX-A6BG	TCGA-DX-A6BG-01A	Primary Tumor
79293235-39f6-4f49-a467-df96eadc7113	1ca97535-07b9-4c33-9bbc-1c0734aa2824.rna_seq.augmented_star_gene_counts.tsv	Transcriptome Profiling	Gene Expression Quantification	TCGA-SARC	TCGA-DX-AB2F	TCGA-DX-AB2F-01A	Primary Tumor
d17b1df0-acc3-4d69-a308-16d7f1b3f0be	1e0b2cd0-4e31-4f12-bd5c-9161a58281cd.rna_seq.augmented_star_gene_counts.tsv	Transcriptome Profiling	Gene Expression Quantification	TCGA-SARC	TCGA-SI-AA8C	TCGA-SI-AA8C-01A	Primary Tumor
92a58eb2-b92e-47ea-b513-df78c7d732fe	77e1473a-9f6a-481b-8ed0-9b56e8c3a546.rna_seq.augmented_star_gene_counts.tsv	Transcriptome Profiling	Gene Expression Quantification	TCGA-SARC	TCGA-K1-A42X	TCGA-K1-A42X-02A	Recurrent Tumor
f7e8190e-dbff-450f-9d02-796cc8ce69de	dc69718f-e389-406d-b59b-089057fa6679.rna_seq.augmented_star_gene_counts.tsv	Transcriptome Profiling	Gene Expression Quantification	TCGA-SARC	TCGA-K1-A42X	TCGA-K1-A42X-01A	Primary Tumor
1007aeda-3b28-4be0-8c4c-3e6ffd8aef8f	725add0b-85a3-4a47-ba37-7b8e58064c58.rna_seq.augmented_star_gene_counts.tsv	Transcriptome Profiling	Gene Expression Quantification	TCGA-SARC	TCGA-MB-A8JL	TCGA-MB-A8JL-01A	Primary Tumor
4cfe76b6-ad70-4f6b-b410-b4806d9bd989	0bde5803-0776-4ccc-b846-e6764f24adaa.rna_seq.augmented_star_gene_counts.tsv	Transcriptome Profiling	Gene Expression Quantification	TCGA-SARC	TCGA-DX-A6B8	TCGA-DX-A6B8-01A	Primary Tumor
47e71f55-be40-48c8-940f-048a29bb1b92	1418c12d-e57a-4ace-bd8a-32b1f15c56e2.rna_seq.augmented_star_gene_counts.tsv	Transcriptome Profiling	Gene Expression Quantification	TCGA-SARC	TCGA-HB-A43Z	TCGA-HB-A43Z-01A	Primary Tumor
bbf22690-0709-4881-b314-741e8b0a227a	2485fa0a-b3e8-4524-8566-d7dd5a423b49.rna_seq.augmented_star_gene_counts.tsv	Transcriptome Profiling	Gene Expression Quantification	TCGA-SARC	TCGA-QC-A6FX	TCGA-QC-A6FX-01A	Primary Tumor
4d21b190-c85c-4025-a0f5-0f0cbcf8fa8f	54044b5f-4cca-48f1-b0e0-340f6e7dff1e.rna_seq.augmented_star_gene_counts.tsv	Transcriptome Profiling	Gene Expression Quantification	TCGA-SARC	TCGA-3B-A9HU	TCGA-3B-A9HU-01A	Primary Tumor
188f70e9-09d2-4c61-9279-e233027eb7b9	62a39969-0f5d-48f2-9ecd-b6c199f0723e.rna_seq.augmented_star_gene_counts.tsv	Transcriptome Profiling	Gene Expression Quantification	TCGA-SARC	TCGA-3B-A9I1	TCGA-3B-A9I1-01A	Primary Tumor
d24e5b94-72b9-491e-a50e-077e0314cb4f	04800473-f727-4923-a231-e0b20f0558f6.rna_seq.augmented_star_gene_counts.tsv	Transcriptome Profiling	Gene Expression Quantification	TCGA-SARC	TCGA-PC-A5DM	TCGA-PC-A5DM-01A	Primary Tumor
92849bda-e29d-41d2-8c40-c44dd0337cee	009f8ecb-dda6-461b-961c-a7c4ef3172a3.rna_seq.augmented_star_gene_counts.tsv	Transcriptome Profiling	Gene Expression Quantification	TCGA-SARC	TCGA-SI-A71O	TCGA-SI-A71O-06A	Metastatic
288ec90e-06fd-4a7d-8909-597fd952278e	94dcead6-4b21-4551-8131-056255764af2.rna_seq.augmented_star_gene_counts.tsv	Transcriptome Profiling	Gene Expression Quantification	TCGA-SARC	TCGA-3B-A9I0	TCGA-3B-A9I0-01A	Primary Tumor
48bddd13-9f0d-41fb-a9cf-8dc50edbcae1	8cd6627b-d32b-41b7-9fd5-a931020b3213.rna_seq.augmented_star_gene_counts.tsv	Transcriptome Profiling	Gene Expression Quantification	TCGA-SARC	TCGA-3B-A9HL	TCGA-3B-A9HL-01A	Primary Tumor
a0401be9-d27f-43fd-b1ca-76ed5dd46f8f	40aef268-f856-44be-b886-04ae0c72b54c.rna_seq.augmented_star_gene_counts.tsv	Transcriptome Profiling	Gene Expression Quantification	TCGA-SARC	TCGA-WK-A8Y0	TCGA-WK-A8Y0-01A	Primary Tumor
b9126982-e66c-43de-8b57-1608448aeed4	2242b925-b7c5-4420-9cc1-af562a0bafe0.rna_seq.augmented_star_gene_counts.tsv	Transcriptome Profiling	Gene Expression Quantification	TCGA-SARC	TCGA-DX-A3UA	TCGA-DX-A3UA-01A	Primary Tumor
92a22663-9458-4133-bdef-121f9f86f6aa	27b1c0c5-931d-410f-964f-8f0dcbec785d.rna_seq.augmented_star_gene_counts.tsv	Transcriptome Profiling	Gene Expression Quantification	TCGA-SARC	TCGA-DX-A8BQ	TCGA-DX-A8BQ-01A	Primary Tumor
66497e8a-fe84-4727-a9ca-7d6be297eff2	52860698-dc9e-41bd-adbd-d427a72d81c7.rna_seq.augmented_star_gene_counts.tsv	Transcriptome Profiling	Gene Expression Quantification	TCGA-SARC	TCGA-DX-A23R	TCGA-DX-A23R-01A	Primary Tumor
d99885cc-6287-4c9c-9924-7731599d5ac7	7adc764d-9ed6-401c-8ad0-8a520feefd91.rna_seq.augmented_star_gene_counts.tsv	Transcriptome Profiling	Gene Expression Quantification	TCGA-SARC	TCGA-DX-A6YS	TCGA-DX-A6YS-01A	Primary Tumor
9527f4ae-f5db-4522-a8e0-df142383a947	319846dc-74b1-4a8b-9ef8-06027b03092d.rna_seq.augmented_star_gene_counts.tsv	Transcriptome Profiling	Gene Expression Quantification	TCGA-SARC	TCGA-DX-A7EM	TCGA-DX-A7EM-01A	Primary Tumor
c2c44255-dd79-4eb1-a5fd-2050b8b266f4	54856284-014a-436c-8ad9-d371d7201c4e.rna_seq.augmented_star_gene_counts.tsv	Transcriptome Profiling	Gene Expression Quantification	TCGA-SARC	TCGA-DX-AB2S	TCGA-DX-AB2S-01A	Primary Tumor
ffcce8fa-7f4e-4776-b6e5-3d30ea2d4045	6ad95fa5-b60a-48ba-b1c5-8907326ce53c.rna_seq.augmented_star_gene_counts.tsv	Transcriptome Profiling	Gene Expression Quantification	TCGA-SARC	TCGA-DX-A1KY	TCGA-DX-A1KY-01A	Primary Tumor
39d68145-7be1-4898-8888-e6162e2a4255	40f39dd0-1c43-4ecc-a4d9-da32d47f9fcc.rna_seq.augmented_star_gene_counts.tsv	Transcriptome Profiling	Gene Expression Quantification	TCGA-SARC	TCGA-3B-A9HR	TCGA-3B-A9HR-01A	Primary Tumor
c2fee833-06e6-4e98-80c4-ba05121e99dc	b6a1af60-1aff-47cf-a983-d3146dc293fd.rna_seq.augmented_star_gene_counts.tsv	Transcriptome Profiling	Gene Expression Quantification	TCGA-SARC	TCGA-KD-A5QT	TCGA-KD-A5QT-01A	Primary Tumor
064f0eb6-19f1-4304-8678-c76c7b00cd91	03d51e0c-2f6f-4c5a-a755-c37f52f2cafd.rna_seq.augmented_star_gene_counts.tsv	Transcriptome Profiling	Gene Expression Quantification	TCGA-SARC	TCGA-PC-A5DK	TCGA-PC-A5DK-01A	Primary Tumor
d002e15a-8f1d-4198-ad5b-cb2de993e41d	5088af66-9478-445a-b884-e8c14a11b83f.rna_seq.augmented_star_gene_counts.tsv	Transcriptome Profiling	Gene Expression Quantification	TCGA-SARC	TCGA-IW-A3M5	TCGA-IW-A3M5-01A	Primary Tumor
a6d1300c-aa96-43bb-be7a-341e2f63592f	706db449-7dce-48ba-85cf-786add750631.rna_seq.augmented_star_gene_counts.tsv	Transcriptome Profiling	Gene Expression Quantification	TCGA-SARC	TCGA-WK-A8XS	TCGA-WK-A8XS-01A	Primary Tumor
5d8ec243-95ae-4e7e-9bca-703c991290eb	458c8c03-d9d2-4b8a-8d3c-39ae59b813bd.rna_seq.augmented_star_gene_counts.tsv	Transcriptome Profiling	Gene Expression Quantification	TCGA-SARC	TCGA-HB-A5W3	TCGA-HB-A5W3-01A	Primary Tumor
7dd0cbd9-6ce0-49c5-ad53-bd5251f27440	5fdbbbb1-3a95-44b6-ba85-0a2f86114fc0.rna_seq.augmented_star_gene_counts.tsv	Transcriptome Profiling	Gene Expression Quantification	TCGA-SARC	TCGA-X6-A7W8	TCGA-X6-A7W8-01A	Primary Tumor
c2354470-0b0b-4701-85c8-c516f583f6ee	0cb31d88-d149-4033-819f-a4b030852efc.rna_seq.augmented_star_gene_counts.tsv	Transcriptome Profiling	Gene Expression Quantification	TCGA-SARC	TCGA-DX-A6Z0	TCGA-DX-A6Z0-01A	Primary Tumor
a785e3ad-659d-4962-b61c-17fbe25b1667	2715cda3-22d3-4088-9354-63b7bea6011f.rna_seq.augmented_star_gene_counts.tsv	Transcriptome Profiling	Gene Expression Quantification	TCGA-SARC	TCGA-DX-AB3A	TCGA-DX-AB3A-01A	Primary Tumor
c0406858-ea98-47dc-b564-c10af67d4aca	66f3a0b4-0702-4a27-8711-e434bcb68935.rna_seq.augmented_star_gene_counts.tsv	Transcriptome Profiling	Gene Expression Quantification	TCGA-SARC	TCGA-DX-A6B9	TCGA-DX-A6B9-01A	Primary Tumor
5aec33e3-95f7-47d7-a621-f9b9acb5cc22	02e2efbf-cd56-48de-8106-dee44354b184.rna_seq.augmented_star_gene_counts.tsv	Transcriptome Profiling	Gene Expression Quantification	TCGA-SARC	TCGA-JV-A5VF	TCGA-JV-A5VF-01A	Primary Tumor
43b5b912-98dc-4b26-8bb0-ef8d6fc05220	80cc71e5-41f2-48a1-9d91-4dd5d97b8e13.rna_seq.augmented_star_gene_counts.tsv	Transcriptome Profiling	Gene Expression Quantification	TCGA-SARC	TCGA-RN-A68Q	TCGA-RN-A68Q-01A	Primary Tumor
06489968-c215-4a80-be3f-03f36d59aa6c	fe575195-38f5-4ffa-806b-1ec61562b43d.rna_seq.augmented_star_gene_counts.tsv	Transcriptome Profiling	Gene Expression Quantification	TCGA-SARC	TCGA-DX-A7EU	TCGA-DX-A7EU-01A	Primary Tumor
4d1a431e-a32c-45ae-a970-d8dfb60f479b	4d2236a8-cde8-4fe1-80ca-24c051407da0.rna_seq.augmented_star_gene_counts.tsv	Transcriptome Profiling	Gene Expression Quantification	TCGA-SARC	TCGA-DX-A48L	TCGA-DX-A48L-01A	Primary Tumor
7a3b47c8-3d22-4686-9095-86af35c73d86	841359d9-f545-4205-8a90-669d7b7491de.rna_seq.augmented_star_gene_counts.tsv	Transcriptome Profiling	Gene Expression Quantification	TCGA-SARC	TCGA-PC-A5DN	TCGA-PC-A5DN-01A	Primary Tumor
34650fd7-d5ea-4f03-a721-5b1e3d4e0fe2	dbc0c8b7-12a4-4887-9ae6-d3fd76c6338e.rna_seq.augmented_star_gene_counts.tsv	Transcriptome Profiling	Gene Expression Quantification	TCGA-SARC	TCGA-IS-A3K8	TCGA-IS-A3K8-01A	Primary Tumor
0233d445-9834-45a3-8312-d0367180931d	9efdcc72-5ab6-4696-922e-7b5c260c76a1.rna_seq.augmented_star_gene_counts.tsv	Transcriptome Profiling	Gene Expression Quantification	TCGA-SARC	TCGA-Z4-A8JB	TCGA-Z4-A8JB-01A	Primary Tumor
e1407863-4df2-4bf0-ba3e-6781b838dfc7	af58b4eb-da2f-411f-962a-8deb731c7f74.rna_seq.augmented_star_gene_counts.tsv	Transcriptome Profiling	Gene Expression Quantification	TCGA-SARC	TCGA-DX-A48P	TCGA-DX-A48P-01A	Primary Tumor
6f133893-0f9c-4f45-a183-7027f613eebe	3a0617d7-2391-44ff-b407-520b16dd57c2.rna_seq.augmented_star_gene_counts.tsv	Transcriptome Profiling	Gene Expression Quantification	TCGA-SARC	TCGA-RN-AAAQ	TCGA-RN-AAAQ-01A	Primary Tumor
0f74ab86-0794-4d76-b517-868123ce41f5	45efdc43-0925-4980-aa5f-94d30bf73208.rna_seq.augmented_star_gene_counts.tsv	Transcriptome Profiling	Gene Expression Quantification	TCGA-SARC	TCGA-X6-A7WD	TCGA-X6-A7WD-01A	Primary Tumor
77d0e855-4489-4bc6-997e-97166c3e9237	303b3d44-f71a-4c7a-bae9-1e2b5e875619.rna_seq.augmented_star_gene_counts.tsv	Transcriptome Profiling	Gene Expression Quantification	TCGA-SARC	TCGA-DX-A3LU	TCGA-DX-A3LU-01A	Primary Tumor
94fddb3c-dce5-4b4c-b041-b2fc6fb07764	658612d1-8cda-4d69-bd7e-7042393451e0.rna_seq.augmented_star_gene_counts.tsv	Transcriptome Profiling	Gene Expression Quantification	TCGA-SARC	TCGA-DX-A3LT	TCGA-DX-A3LT-01A	Primary Tumor
3d099e95-416f-4da7-b448-b37fba3e218a	bbed0a6e-3790-4e40-87a2-ab6ce5600e2e.rna_seq.augmented_star_gene_counts.tsv	Transcriptome Profiling	Gene Expression Quantification	TCGA-SARC	TCGA-IS-A3K6	TCGA-IS-A3K6-01A	Primary Tumor
95512d5a-0b4b-45a0-8678-19c48edc28e7	0916a18c-2f0f-4b7c-8570-ac8931a16c33.rna_seq.augmented_star_gene_counts.tsv	Transcriptome Profiling	Gene Expression Quantification	TCGA-SARC	TCGA-DX-A6YX	TCGA-DX-A6YX-01A	Primary Tumor
58e531ee-122a-491b-9884-3a4831e9217e	759a476c-94db-4be9-be54-267e733d7136.rna_seq.augmented_star_gene_counts.tsv	Transcriptome Profiling	Gene Expression Quantification	TCGA-SARC	TCGA-DX-A8BT	TCGA-DX-A8BT-01A	Primary Tumor
d465f8c9-94fc-40cc-aa35-c3eb94466aee	0c389e19-e3fb-4345-a754-6267912ea70d.rna_seq.augmented_star_gene_counts.tsv	Transcriptome Profiling	Gene Expression Quantification	TCGA-SARC	TCGA-DX-A7EL	TCGA-DX-A7EL-01A	Primary Tumor
2c1b49f7-304f-4cdb-ae9a-f53c1f1c238f	323cb777-7ac4-4bb2-b417-f4f8c2a7200a.rna_seq.augmented_star_gene_counts.tsv	Transcriptome Profiling	Gene Expression Quantification	TCGA-SARC	TCGA-DX-A48U	TCGA-DX-A48U-01A	Primary Tumor
8fa9c02a-9d7d-470a-93ec-1e4c0c5bd8a4	eebd8d7d-4797-4fa2-a0f5-c479ba8c2104.rna_seq.augmented_star_gene_counts.tsv	Transcriptome Profiling	Gene Expression Quantification	TCGA-SARC	TCGA-KD-A5QS	TCGA-KD-A5QS-01A	Primary Tumor
db97a5df-16b7-46d7-9e00-cd06f4a41cc3	51a6a81d-837e-4e0b-9b37-b0c3173ec1d2.rna_seq.augmented_star_gene_counts.tsv	Transcriptome Profiling	Gene Expression Quantification	TCGA-SARC	TCGA-K1-A3PN	TCGA-K1-A3PN-01A	Primary Tumor
023c4fe4-9cf4-45b0-a037-3dccd7c1a8c7	5c0a368d-18a5-427a-9e6c-ea7afff3cbdd.rna_seq.augmented_star_gene_counts.tsv	Transcriptome Profiling	Gene Expression Quantification	TCGA-SARC	TCGA-3B-A9HO	TCGA-3B-A9HO-01A	Primary Tumor
abd71316-4e42-47d3-a33f-4964a52b1739	8c3d734b-1fba-41e3-ac3e-240afeef43b3.rna_seq.augmented_star_gene_counts.tsv	Transcriptome Profiling	Gene Expression Quantification	TCGA-SARC	TCGA-DX-AB2O	TCGA-DX-AB2O-01A	Primary Tumor
3f907fca-d223-47a3-970f-1a9e2a4407ef	dc331183-2017-4979-a080-b10ce3ce4c7e.rna_seq.augmented_star_gene_counts.tsv	Transcriptome Profiling	Gene Expression Quantification	TCGA-SARC	TCGA-3B-A9HP	TCGA-3B-A9HP-01A	Primary Tumor
e88f79ab-d9ae-473a-bb95-90bdd5f72fa8	bce2a059-0a75-4106-a768-39584ac9d855.rna_seq.augmented_star_gene_counts.tsv	Transcriptome Profiling	Gene Expression Quantification	TCGA-SARC	TCGA-DX-A3UC	TCGA-DX-A3UC-01A	Primary Tumor
82a02ad4-d8a6-4ff2-ac9b-c5cf92608e50	49e72bf1-a9b4-4554-8d9d-a4068e7a8fea.rna_seq.augmented_star_gene_counts.tsv	Transcriptome Profiling	Gene Expression Quantification	TCGA-SARC	TCGA-K1-A6RV	TCGA-K1-A6RV-01A	Primary Tumor
be377c23-02c8-427c-b009-b400678edeeb	e7b81a69-7f24-4f81-a006-cffc9bf3fd8e.rna_seq.augmented_star_gene_counts.tsv	Transcriptome Profiling	Gene Expression Quantification	TCGA-SARC	TCGA-FX-A3NJ	TCGA-FX-A3NJ-01A	Primary Tumor
1f1a4087-ad22-412e-8cd9-b4c33e751eb2	5a141afd-e054-4f12-8043-9a72bfa4696d.rna_seq.augmented_star_gene_counts.tsv	Transcriptome Profiling	Gene Expression Quantification	TCGA-SARC	TCGA-DX-A3UB	TCGA-DX-A3UB-01A	Primary Tumor
9cfd9c78-2876-4be5-a791-7d2a24741fd7	a59aa7a4-b3c0-4c91-9776-8ebe8f710ba1.rna_seq.augmented_star_gene_counts.tsv	Transcriptome Profiling	Gene Expression Quantification	TCGA-SARC	TCGA-FX-A3RE	TCGA-FX-A3RE-01A	Primary Tumor
59b85194-c08f-4bcc-b6d5-89682d20f879	9e5b47bf-fb42-41e2-a135-a17a6eb71f20.rna_seq.augmented_star_gene_counts.tsv	Transcriptome Profiling	Gene Expression Quantification	TCGA-SARC	TCGA-MJ-A68H	TCGA-MJ-A68H-01A	Primary Tumor
f1fab444-c706-4ff9-9922-e52728f4147e	c060d2ba-280c-48a3-b2e1-487d85790c4b.rna_seq.augmented_star_gene_counts.tsv	Transcriptome Profiling	Gene Expression Quantification	TCGA-SARC	TCGA-K1-A42W	TCGA-K1-A42W-01A	Primary Tumor
59c3deb4-7686-4c1f-92d6-29a6ccbc9f0d	c20abb77-a696-4df4-b673-c2d99e765963.rna_seq.augmented_star_gene_counts.tsv	Transcriptome Profiling	Gene Expression Quantification	TCGA-SARC	TCGA-IF-A3RQ	TCGA-IF-A3RQ-01A	Primary Tumor
bb540c2d-1b6d-4744-83a7-0541a986578c	68ef04e1-d5ba-4338-b2f3-5c116569e95a.rna_seq.augmented_star_gene_counts.tsv	Transcriptome Profiling	Gene Expression Quantification	TCGA-SARC	TCGA-3B-A9HQ	TCGA-3B-A9HQ-01A	Primary Tumor
1cfa462d-eba9-4957-b747-d98ebc2fda35	e1b58888-05ab-4b67-a35e-27df791626c1.rna_seq.augmented_star_gene_counts.tsv	Transcriptome Profiling	Gene Expression Quantification	TCGA-SARC	TCGA-DX-A1L0	TCGA-DX-A1L0-01A	Primary Tumor
40688162-c855-4ba5-9bb4-3874e0cfe4c0	b033ac56-6f16-4379-ab54-f3b75ece77ff.rna_seq.augmented_star_gene_counts.tsv	Transcriptome Profiling	Gene Expression Quantification	TCGA-SARC	TCGA-X6-A7WA	TCGA-X6-A7WA-01A	Primary Tumor
ecf2d535-45a0-4b1c-afd9-d1e05366b4f9	d8875678-60f3-4998-8455-e7d877eeb8a5.rna_seq.augmented_star_gene_counts.tsv	Transcriptome Profiling	Gene Expression Quantification	TCGA-SARC	TCGA-MO-A47R	TCGA-MO-A47R-01A	Primary Tumor
4b75f7a3-b823-4cf4-be65-e66904441b88	492fd01c-2a0d-4d00-a4a4-bdfe27d36742.rna_seq.augmented_star_gene_counts.tsv	Transcriptome Profiling	Gene Expression Quantification	TCGA-SARC	TCGA-DX-AB30	TCGA-DX-AB30-01A	Primary Tumor
0b12c71f-67e4-4441-ae73-ceff00dbf334	4bc078e8-e39d-4e54-8209-5ce8ec7b7840.rna_seq.augmented_star_gene_counts.tsv	Transcriptome Profiling	Gene Expression Quantification	TCGA-SARC	TCGA-IE-A6BZ	TCGA-IE-A6BZ-01A	Primary Tumor
1042be7b-5d61-4718-b507-11d6f9c687f9	d0e06eac-e98c-4b6c-af28-900882579f2a.rna_seq.augmented_star_gene_counts.tsv	Transcriptome Profiling	Gene Expression Quantification	TCGA-SARC	TCGA-X6-A7WB	TCGA-X6-A7WB-01A	Primary Tumor
373c09a7-76e8-4534-a594-f188be15b16a	c6ca7cbb-2be2-4abb-9b66-04069fe6690f.rna_seq.augmented_star_gene_counts.tsv	Transcriptome Profiling	Gene Expression Quantification	TCGA-SARC	TCGA-DX-A7EF	TCGA-DX-A7EF-01A	Primary Tumor
8475e801-1d7c-4bcf-ba41-89860088ef14	5f69833b-b0c5-4d6e-9d71-381c555557d7.rna_seq.augmented_star_gene_counts.tsv	Transcriptome Profiling	Gene Expression Quantification	TCGA-SARC	TCGA-MB-A8JK	TCGA-MB-A8JK-01A	Primary Tumor
e0459654-fa36-4b3c-8bf5-6e8048aa9a21	63df94bf-e0f6-48f7-8a58-c19ad65782e7.rna_seq.augmented_star_gene_counts.tsv	Transcriptome Profiling	Gene Expression Quantification	TCGA-SARC	TCGA-DX-A1L4	TCGA-DX-A1L4-01A	Primary Tumor
6daf0e59-3c4c-409d-b842-6e7ee1a1d628	2da56f78-6a21-4de6-a5e3-8abfb6e2d418.rna_seq.augmented_star_gene_counts.tsv	Transcriptome Profiling	Gene Expression Quantification	TCGA-SARC	TCGA-DX-A23U	TCGA-DX-A23U-01A	Primary Tumor
f5102c86-0085-46b2-972c-d61d558ecdbf	a7400b7d-094a-4148-b97e-eea0ad3eff5a.rna_seq.augmented_star_gene_counts.tsv	Transcriptome Profiling	Gene Expression Quantification	TCGA-SARC	TCGA-DX-A3U5	TCGA-DX-A3U5-01A	Primary Tumor
6ee1b27b-59e8-48af-8048-dc17888b7fc5	a9132e93-c833-4d4a-9eac-309f9db438ef.rna_seq.augmented_star_gene_counts.tsv	Transcriptome Profiling	Gene Expression Quantification	TCGA-SARC	TCGA-DX-A48N	TCGA-DX-A48N-01A	Primary Tumor
e06a860b-222f-4d7d-85b1-71753ca601c0	7ebf770f-f8f9-423e-afa6-10f52201be85.rna_seq.augmented_star_gene_counts.tsv	Transcriptome Profiling	Gene Expression Quantification	TCGA-SARC	TCGA-DX-A8BM	TCGA-DX-A8BM-01A	Primary Tumor
1a6d3d72-1a79-446c-9120-93cce24f1cfc	5ae92201-6967-4b74-bb81-8319fac72b1e.rna_seq.augmented_star_gene_counts.tsv	Transcriptome Profiling	Gene Expression Quantification	TCGA-SARC	TCGA-DX-AB2Z	TCGA-DX-AB2Z-01A	Primary Tumor
654dbe49-db11-4aff-b024-9c168aab37af	7099f710-e5d8-422e-a7c3-4dd513941552.rna_seq.augmented_star_gene_counts.tsv	Transcriptome Profiling	Gene Expression Quantification	TCGA-SARC	TCGA-DX-AB3B	TCGA-DX-AB3B-01A	Primary Tumor
b6cf784c-0b49-4e92-9987-48639c88d0d6	4160b4a5-e62e-40fa-aa8f-7e87c6e3c783.rna_seq.augmented_star_gene_counts.tsv	Transcriptome Profiling	Gene Expression Quantification	TCGA-SARC	TCGA-DX-A8BJ	TCGA-DX-A8BJ-01A	Primary Tumor
7809a835-a7c2-40de-a4f7-327297dee9a2	c46e1adc-5afe-4402-af5f-af47778eebf8.rna_seq.augmented_star_gene_counts.tsv	Transcriptome Profiling	Gene Expression Quantification	TCGA-SARC	TCGA-PC-A5DL	TCGA-PC-A5DL-01A	Primary Tumor
40c41c73-1d30-4ace-acf3-dcec984857cf	c9b1259e-841d-4971-a8d9-5e287bebe2e4.rna_seq.augmented_star_gene_counts.tsv	Transcriptome Profiling	Gene Expression Quantification	TCGA-SARC	TCGA-IF-A4AK	TCGA-IF-A4AK-01A	Primary Tumor
5180ebbb-ddaf-4adc-9a08-47f6fa8d0ed9	f0e41d6c-d029-4593-9e9f-175fc440ac72.rna_seq.augmented_star_gene_counts.tsv	Transcriptome Profiling	Gene Expression Quantification	TCGA-SARC	TCGA-DX-AB2X	TCGA-DX-AB2X-01A	Primary Tumor
eec3e6ec-c54a-4675-b040-07e7d8fd30ab	b9d9b25f-f6c3-433a-8b3b-1bcc395b2412.rna_seq.augmented_star_gene_counts.tsv	Transcriptome Profiling	Gene Expression Quantification	TCGA-SARC	TCGA-DX-A7ES	TCGA-DX-A7ES-01A	Primary Tumor
6ee871cb-44d0-4583-b361-fa25b01bafea	d4feb535-fd31-4b22-b3dd-3db99227a658.rna_seq.augmented_star_gene_counts.tsv	Transcriptome Profiling	Gene Expression Quantification	TCGA-SARC	TCGA-MO-A47P	TCGA-MO-A47P-01A	Primary Tumor
1e807b38-cbc9-4a26-8a7b-05866886b58a	1378619e-4196-48ec-a823-b1de339ec37b.rna_seq.augmented_star_gene_counts.tsv	Transcriptome Profiling	Gene Expression Quantification	TCGA-SARC	TCGA-DX-A48R	TCGA-DX-A48R-01A	Primary Tumor
9538b5b9-eaae-4267-a674-67d6c1fc00eb	d81ad264-0c65-45bc-8394-fd24832737bb.rna_seq.augmented_star_gene_counts.tsv	Transcriptome Profiling	Gene Expression Quantification	TCGA-SARC	TCGA-FX-A3NK	TCGA-FX-A3NK-01A	Primary Tumor
f96e7adc-7ec5-40e5-9dc1-491da1abd799	11109910-f64e-4c34-b99b-a84657295bfc.rna_seq.augmented_star_gene_counts.tsv	Transcriptome Profiling	Gene Expression Quantification	TCGA-SARC	TCGA-QC-AA9N	TCGA-QC-AA9N-01A	Primary Tumor
36fc5af5-d389-4c2b-afcf-741746972888	9365db5a-762a-4e2b-b8a7-7a1e10cc62d2.rna_seq.augmented_star_gene_counts.tsv	Transcriptome Profiling	Gene Expression Quantification	TCGA-SARC	TCGA-DX-A7ER	TCGA-DX-A7ER-01A	Primary Tumor
8b170abf-135f-4889-9f60-cc4665debc16	e19a93d9-667c-4189-a339-026bc944fb99.rna_seq.augmented_star_gene_counts.tsv	Transcriptome Profiling	Gene Expression Quantification	TCGA-SARC	TCGA-SI-A71O	TCGA-SI-A71O-01A	Primary Tumor
bc3b8528-b0fd-4d87-870b-6275f7428ebe	d243020d-c8eb-49fe-bd92-e1c622a5382e.rna_seq.augmented_star_gene_counts.tsv	Transcriptome Profiling	Gene Expression Quantification	TCGA-SARC	TCGA-3B-A9I3	TCGA-3B-A9I3-01A	Primary Tumor
67109262-6c34-4099-9cb0-2871e4f21420	3cf2abb0-ed8a-4fd3-97d5-6d7899832bc1.rna_seq.augmented_star_gene_counts.tsv	Transcriptome Profiling	Gene Expression Quantification	TCGA-SARC	TCGA-X6-A8C7	TCGA-X6-A8C7-01A	Primary Tumor
458351cd-85eb-448b-a3e1-e1248b1d53a3	d524c684-9f85-4a97-8c77-a037c17367c6.rna_seq.augmented_star_gene_counts.tsv	Transcriptome Profiling	Gene Expression Quantification	TCGA-SARC	TCGA-X9-A971	TCGA-X9-A971-01A	Primary Tumor
8c453971-aa9f-4c50-a702-64b16418bac0	ed43dc49-ca57-4c57-a06d-8a1dbf3993c5.rna_seq.augmented_star_gene_counts.tsv	Transcriptome Profiling	Gene Expression Quantification	TCGA-SARC	TCGA-PC-A5DO	TCGA-PC-A5DO-01A	Primary Tumor
f8a35d91-ac3c-411f-a3f3-53ab88fa73c0	bf6981c0-7cb3-4370-9ca4-97b939533c8b.rna_seq.augmented_star_gene_counts.tsv	Transcriptome Profiling	Gene Expression Quantification	TCGA-SARC	TCGA-X6-A8C4	TCGA-X6-A8C4-01A	Primary Tumor
bcb02530-d915-42d9-a052-34251e454d79	d6367ba7-ab2f-463f-ab02-576c493e5fc1.rna_seq.augmented_star_gene_counts.tsv	Transcriptome Profiling	Gene Expression Quantification	TCGA-SARC	TCGA-SI-A71Q	TCGA-SI-A71Q-01A	Primary Tumor
4191e8ce-a58e-4c72-8848-2adde973da99	09289641-20ec-4f7c-ba72-3c02b9e6b285.rna_seq.augmented_star_gene_counts.tsv	Transcriptome Profiling	Gene Expression Quantification	TCGA-SARC	TCGA-DX-A3M1	TCGA-DX-A3M1-01A	Primary Tumor
12479676-5324-433a-a192-b9e9a308590a	829cbc0d-7898-48b6-b6ba-48a47d0f4ccf.rna_seq.augmented_star_gene_counts.tsv	Transcriptome Profiling	Gene Expression Quantification	TCGA-SARC	TCGA-QQ-A5V2	TCGA-QQ-A5V2-01A	Primary Tumor
a939487a-186d-4de2-ab73-489776f43814	29d4d9cd-285f-46d7-a659-1eb2cdc5ee86.rna_seq.augmented_star_gene_counts.tsv	Transcriptome Profiling	Gene Expression Quantification	TCGA-SARC	TCGA-IE-A4EI	TCGA-IE-A4EI-01A	Primary Tumor
e8e47325-44f9-4d5a-b529-e53df9102fbd	6d1989dc-922b-4b6e-bf2a-662ee16a3725.rna_seq.augmented_star_gene_counts.tsv	Transcriptome Profiling	Gene Expression Quantification	TCGA-SARC	TCGA-KF-A41W	TCGA-KF-A41W-01A	Primary Tumor
37d59165-dc3a-435c-a4fc-e629d4b91963	3dcc3841-21f9-4434-84ef-6d12f60967af.rna_seq.augmented_star_gene_counts.tsv	Transcriptome Profiling	Gene Expression Quantification	TCGA-SARC	TCGA-DX-AB2E	TCGA-DX-AB2E-01A	Primary Tumor
946d36eb-d3b2-4870-907f-d5231d2f7d53	59d4607e-766e-44bc-9af3-68f469b0bd4d.rna_seq.augmented_star_gene_counts.tsv	Transcriptome Profiling	Gene Expression Quantification	TCGA-SARC	TCGA-JV-A75J	TCGA-JV-A75J-01A	Primary Tumor
dde136e1-4895-4733-89ec-6d7a495e6d41	423d5c76-ef6b-4922-bb96-27bc9b9a6146.rna_seq.augmented_star_gene_counts.tsv	Transcriptome Profiling	Gene Expression Quantification	TCGA-SARC	TCGA-DX-AB32	TCGA-DX-AB32-01A	Primary Tumor
9ee937a8-71a4-492b-b3f0-02bf87026b0d	b178c6ad-bf71-417c-b797-01f4c45a3afa.rna_seq.augmented_star_gene_counts.tsv	Transcriptome Profiling	Gene Expression Quantification	TCGA-SARC	TCGA-DX-A3U8	TCGA-DX-A3U8-01A	Primary Tumor
2d14a9fe-d04d-4bf9-97ef-90ed3da31985	151226ac-c70a-4932-a9a5-9a1c6d06ec1c.rna_seq.augmented_star_gene_counts.tsv	Transcriptome Profiling	Gene Expression Quantification	TCGA-SARC	TCGA-SG-A849	TCGA-SG-A849-01A	Primary Tumor
5898b5ad-633d-4872-80bc-875a3380cbe1	f1105d35-2d57-43bb-998a-538ac0718233.rna_seq.augmented_star_gene_counts.tsv	Transcriptome Profiling	Gene Expression Quantification	TCGA-SARC	TCGA-Z4-AAPF	TCGA-Z4-AAPF-01A	Primary Tumor
77f49441-64a8-4833-b3a7-4fa9d1fd4317	a00ca4f8-2855-4653-8cee-81738f40ef4c.rna_seq.augmented_star_gene_counts.tsv	Transcriptome Profiling	Gene Expression Quantification	TCGA-SARC	TCGA-JV-A5VE	TCGA-JV-A5VE-01A	Primary Tumor
346981e8-3f00-4072-a0e5-814fb7a0123d	2d591d26-142e-438e-b731-02d757a9bbc2.rna_seq.augmented_star_gene_counts.tsv	Transcriptome Profiling	Gene Expression Quantification	TCGA-SARC	TCGA-QQ-A5VD	TCGA-QQ-A5VD-01A	Primary Tumor
243f695c-bfab-40ab-be85-bf5c4a9931cf	b988a5a3-70e6-4d9e-a7a7-7bfe86f59cad.rna_seq.augmented_star_gene_counts.tsv	Transcriptome Profiling	Gene Expression Quantification	TCGA-SARC	TCGA-MB-A5Y9	TCGA-MB-A5Y9-01A	Primary Tumor
f8dd34d3-f047-48d4-9b8b-2a4a707cff21	490700e9-fc4f-4548-8ea5-8e2b9dd22010.rna_seq.augmented_star_gene_counts.tsv	Transcriptome Profiling	Gene Expression Quantification	TCGA-SARC	TCGA-DX-A8BL	TCGA-DX-A8BL-01A	Primary Tumor
d5fbc58a-1b91-49a3-bf9b-2504477d22c2	a9ec0435-a3f0-4801-85f2-25d886904376.rna_seq.augmented_star_gene_counts.tsv	Transcriptome Profiling	Gene Expression Quantification	TCGA-SARC	TCGA-DX-A1KU	TCGA-DX-A1KU-01A	Primary Tumor
f35e5c00-cb65-4a56-82f6-be6aef15306c	bbfc820d-bc32-4816-8ccf-a0b24eb7097c.rna_seq.augmented_star_gene_counts.tsv	Transcriptome Profiling	Gene Expression Quantification	TCGA-SARC	TCGA-DX-A3U7	TCGA-DX-A3U7-01A	Primary Tumor
7c1f6e5d-ec39-42d5-b25f-2790639b84c3	de4338e5-2dc7-469a-a8fc-460fe85df933.rna_seq.augmented_star_gene_counts.tsv	Transcriptome Profiling	Gene Expression Quantification	TCGA-SARC	TCGA-PC-A5DP	TCGA-PC-A5DP-01A	Primary Tumor
89bea208-c652-454b-88de-ab8d6ab3e0d0	54a83f9c-5152-4da8-8f03-cd49bea12204.rna_seq.augmented_star_gene_counts.tsv	Transcriptome Profiling	Gene Expression Quantification	TCGA-SARC	TCGA-3R-A8YX	TCGA-3R-A8YX-01A	Primary Tumor
094d5f47-147b-491c-b659-1164f0f5ac1a	265d60b1-986b-4bc5-9c96-88a8fdfe8394.rna_seq.augmented_star_gene_counts.tsv	Transcriptome Profiling	Gene Expression Quantification	TCGA-SARC	TCGA-K1-A3PN	TCGA-K1-A3PN-02A	Recurrent Tumor
71c113f1-e40b-4c12-b5c7-0853e5147b95	f8a47640-9b0f-4d1b-94fd-dacc75fb2e96.rna_seq.augmented_star_gene_counts.tsv	Transcriptome Profiling	Gene Expression Quantification	TCGA-SARC	TCGA-WK-A8XY	TCGA-WK-A8XY-01A	Primary Tumor
85b7d2b7-6d3b-41d1-a387-141239e7ccc1	42aca376-bcbe-486e-ad7e-79e6c2073d41.rna_seq.augmented_star_gene_counts.tsv	Transcriptome Profiling	Gene Expression Quantification	TCGA-SARC	TCGA-QQ-A5VC	TCGA-QQ-A5VC-01A	Primary Tumor
90efa5e5-fb24-44eb-85e0-b9ce83ae698f	7bda671c-95d4-4f58-8d10-323308710256.rna_seq.augmented_star_gene_counts.tsv	Transcriptome Profiling	Gene Expression Quantification	TCGA-SARC	TCGA-DX-A1KW	TCGA-DX-A1KW-01A	Primary Tumor
24291838-d377-49ad-b33e-29272c9be236	571a99f5-56e3-42f7-99b9-f0a80def7570.rna_seq.augmented_star_gene_counts.tsv	Transcriptome Profiling	Gene Expression Quantification	TCGA-SARC	TCGA-DX-AB2T	TCGA-DX-AB2T-01A	Primary Tumor
28429f79-092d-441e-8c2c-d45543f0aa0b	56a42dfb-1b30-41df-9fcf-19bd3266687a.rna_seq.augmented_star_gene_counts.tsv	Transcriptome Profiling	Gene Expression Quantification	TCGA-SARC	TCGA-WK-A8XX	TCGA-WK-A8XX-01A	Primary Tumor
bfba0352-2263-4f6a-a124-94508f1db038	d019b4cf-75c8-4eb7-b344-8e44aaea29c0.rna_seq.augmented_star_gene_counts.tsv	Transcriptome Profiling	Gene Expression Quantification	TCGA-SARC	TCGA-QQ-A8VG	TCGA-QQ-A8VG-01A	Primary Tumor
b20a9d7a-cd38-48eb-957d-d3aedf922756	8085d691-eaee-4327-83ca-bd6f5a98fa99.rna_seq.augmented_star_gene_counts.tsv	Transcriptome Profiling	Gene Expression Quantification	TCGA-SARC	TCGA-DX-AB2P	TCGA-DX-AB2P-01A	Primary Tumor
e74819ed-59b0-4e13-b4b0-0d32562de0ef	0b6f9291-f415-4115-b79f-1b1312794341.rna_seq.augmented_star_gene_counts.tsv	Transcriptome Profiling	Gene Expression Quantification	TCGA-SARC	TCGA-DX-A8BO	TCGA-DX-A8BO-01A	Primary Tumor
a3f34116-ef90-4bb0-8446-a5e21639d3a2	d82d2860-588c-4ad9-b3c0-867fc61ab152.rna_seq.augmented_star_gene_counts.tsv	Transcriptome Profiling	Gene Expression Quantification	TCGA-SARC	TCGA-DX-A6BE	TCGA-DX-A6BE-01A	Primary Tumor
40ac8d05-101a-439b-a849-07ab86bd0083	204b4c83-bba2-48bd-9c13-61a346f26b01.rna_seq.augmented_star_gene_counts.tsv	Transcriptome Profiling	Gene Expression Quantification	TCGA-SARC	TCGA-WP-A9GB	TCGA-WP-A9GB-01A	Primary Tumor
d1ad0704-a7f1-4904-b117-2c504fd17728	fd380503-86ec-40f2-973b-e8ca18e22e19.rna_seq.augmented_star_gene_counts.tsv	Transcriptome Profiling	Gene Expression Quantification	TCGA-SARC	TCGA-3B-A9HJ	TCGA-3B-A9HJ-01A	Primary Tumor
4ec6de4a-adbb-4ca1-a7db-bf1d716b4dc8	1ef19de4-2416-4852-ba66-76854ed9d748.rna_seq.augmented_star_gene_counts.tsv	Transcriptome Profiling	Gene Expression Quantification	TCGA-SARC	TCGA-DX-AB2Q	TCGA-DX-AB2Q-01A	Primary Tumor
1fe1fd06-7884-4e0b-9faf-d5381a9a2735	ba674556-bd06-4ad1-b873-74f3f4491c1e.rna_seq.augmented_star_gene_counts.tsv	Transcriptome Profiling	Gene Expression Quantification	TCGA-SARC	TCGA-3B-A9HS	TCGA-3B-A9HS-01A	Primary Tumor
